copy_iter,average_time_ms
1,0.180788
2,0.192187
3,0.305815
4,0.512811
5,0.603509
6,0.697842
