tile_m,tile_n,concurrent_copies,average_time_ms
32,32,75,0.697254
32,32,74,0.697543
32,32,73,0.702905
32,32,72,0.699333
