tile_m,tile_n,concurrent_copies,average_time_ms
32,32,75,0.697453
32,64,45,0.69861
32,128,25,0.697608
32,256,13,0.697422
64,32,45,0.697483
64,64,25,0.697845
64,128,13,0.697447
64,256,6,0.69744
128,32,25,0.698807
