concurrent_copies,average_time_ms
75,0.699282
74,0.698313
73,0.699081
72,0.705137
71,0.699898
70,0.698117
69,0.697467
68,0.69922
